{
  "GET /api/alerts/today/count" : {
    "transaction" : "GET /api/alerts/today/count",
    "sampleCount" : 1000,
    "errorCount" : 0,
    "errorPct" : 0.0,
    "meanResTime" : 971.9909999999992,
    "medianResTime" : 876.0,
    "minResTime" : 158.0,
    "maxResTime" : 4447.0,
    "pct1ResTime" : 1210.0,
    "pct2ResTime" : 1679.8999999999999,
    "pct3ResTime" : 2890.8900000000012,
    "throughput" : 7.378657969688473,
    "receivedKBytesPerSec" : 3.350660113188613,
    "sentKBytesPerSec" : 0.9943894529462981
  },
  "GET /api/alerts?limit=100" : {
    "transaction" : "GET /api/alerts?limit=100",
    "sampleCount" : 1000,
    "errorCount" : 0,
    "errorPct" : 0.0,
    "meanResTime" : 924.5570000000007,
    "medianResTime" : 861.0,
    "minResTime" : 154.0,
    "maxResTime" : 4220.0,
    "pct1ResTime" : 1143.0,
    "pct2ResTime" : 1339.2999999999963,
    "pct3ResTime" : 2733.2800000000007,
    "throughput" : 7.405268107731841,
    "receivedKBytesPerSec" : 3.1313291900858276,
    "sentKBytesPerSec" : 0.9835121705581351
  },
  "GET /api/alerts/today" : {
    "transaction" : "GET /api/alerts/today",
    "sampleCount" : 1000,
    "errorCount" : 0,
    "errorPct" : 0.0,
    "meanResTime" : 963.7609999999996,
    "medianResTime" : 864.0,
    "minResTime" : 153.0,
    "maxResTime" : 4579.0,
    "pct1ResTime" : 1203.0,
    "pct2ResTime" : 1748.5499999999993,
    "pct3ResTime" : 2890.83,
    "throughput" : 7.421645972643812,
    "receivedKBytesPerSec" : 3.138254595854268,
    "sentKBytesPerSec" : 0.9566965511611164
  },
  "Total" : {
    "transaction" : "Total",
    "sampleCount" : 6000,
    "errorCount" : 0,
    "errorPct" : 0.0,
    "meanResTime" : 985.7601666666679,
    "medianResTime" : 909.0,
    "minResTime" : 153.0,
    "maxResTime" : 4579.0,
    "pct1ResTime" : 1262.9000000000005,
    "pct2ResTime" : 1675.0,
    "pct3ResTime" : 2964.9799999999996,
    "throughput" : 43.00304604909514,
    "receivedKBytesPerSec" : 18.827831033864896,
    "sentKBytesPerSec" : 5.718341247088335
  },
  "GET /api/alerts/count" : {
    "transaction" : "GET /api/alerts/count",
    "sampleCount" : 1000,
    "errorCount" : 0,
    "errorPct" : 0.0,
    "meanResTime" : 1132.0060000000003,
    "medianResTime" : 1032.0,
    "minResTime" : 300.0,
    "maxResTime" : 4314.0,
    "pct1ResTime" : 1379.8,
    "pct2ResTime" : 1771.7999999999984,
    "pct3ResTime" : 3084.98,
    "throughput" : 7.246744400078265,
    "receivedKBytesPerSec" : 3.1279892820650326,
    "sentKBytesPerSec" : 0.9341506453225888
  },
  "GET /api/alerts/resolved" : {
    "transaction" : "GET /api/alerts/resolved",
    "sampleCount" : 1000,
    "errorCount" : 0,
    "errorPct" : 0.0,
    "meanResTime" : 948.7359999999995,
    "medianResTime" : 851.0,
    "minResTime" : 155.0,
    "maxResTime" : 4549.0,
    "pct1ResTime" : 1203.6999999999998,
    "pct2ResTime" : 1710.3999999999992,
    "pct3ResTime" : 3367.970000000001,
    "throughput" : 7.39016369212578,
    "receivedKBytesPerSec" : 3.1249422643461555,
    "sentKBytesPerSec" : 0.9742891586298636
  },
  "GET /api/alerts/count/by-severity" : {
    "transaction" : "GET /api/alerts/count/by-severity",
    "sampleCount" : 1000,
    "errorCount" : 0,
    "errorPct" : 0.0,
    "meanResTime" : 973.5099999999991,
    "medianResTime" : 876.5,
    "minResTime" : 167.0,
    "maxResTime" : 3837.0,
    "pct1ResTime" : 1233.0,
    "pct2ResTime" : 1748.9499999999998,
    "pct3ResTime" : 3139.7200000000003,
    "throughput" : 7.3678936665586034,
    "receivedKBytesPerSec" : 3.4824809908343406,
    "sentKBytesPerSec" : 1.036110046859804
  }
}